연번,호선,역명,역간거리(km),호선별누계(km)
1,1호선(경인선),연천,8.7,4
2,1호선(경인선),전곡,3.3,8.7
3,1호선(경인선),청산,5.8,3.3
4,1호선(경인선),소요산,2.4,4.1
5,1호선(경인선),동두천,1.6,2.4
6,1호선(경인선),보산,1.4,1.6
7,1호선(경인선),동두천중앙,1,1.4
8,1호선(경인선),지행,5.6,1
9,1호선(경인선),덕정,2.9,5.6
10,1호선(경인선),덕계,5.3,2.9
11,1호선(경인선),양주,1.6,5.3
12,1호선(경인선),녹양,1.3,1.6
13,1호선(경인선),가능,1.2,1.3
14,1호선(경인선),의정부,1.6,1.2
15,1호선(경인선),회룡,1.4,1.6
16,1호선(경인선),망월사,2.3,1.4
17,1호선(경인선),도봉산,1.2,2.3
18,1호선(경인선),도봉,1.3,1.2
19,1호선(경인선),방학,1.7,1.3
20,1호선(경인선),창동,1,1.7
21,1호선(경인선),녹천,1.4,1
22,1호선(경인선),월계,1.1,1.4
23,1호선(경인선),광운대,1.1,1.1
24,1호선(경인선),석계,1.4,1.1
25,1호선(경인선),신이문,0.8,1.4
26,1호선(경인선),외대앞,0.8,0.8
27,1호선(경인선),회기,1.4,0.8
28,1호선(경인선),남영,1.7,1.5
29,1호선(경인선),용산,1.5,2.6
30,1호선(경인선),노량진,2.6,1.5
31,1호선(경인선),대방,1.5,0.8
32,1호선(경인선),신길,0.8,1
33,1호선(경인선),영등포,1,1.5
34,1호선(경인선),신도림,1.5,1.1
35,1호선(경인선),구로,1.1,1.4
36,1호선(경인선),구일,1.4,1
37,1호선(경인선),개봉,1,1.3
38,1호선(경인선),오류동,1.3,1.9
39,1호선(경인선),온수,1.9,1.3
40,1호선(경인선),역곡,1.3,1.5
41,1호선(경인선),소사,1.5,1.1
42,1호선(경인선),부천,1.1,1.7
43,1호선(경인선),중동,1.7,1
44,1호선(경인선),송내,1,1.2
45,1호선(경인선),부개,1.2,1.5
46,1호선(경인선),부평,1.5,1.7
47,1호선(경인선),백운,1.7,1.5
48,1호선(경인선),동암,1.5,1.2
49,1호선(경인선),간석,1.2,1.2
50,1호선(경인선),주안,1.2,1
51,1호선(경인선),도화,1,1
52,1호선(경인선),제물포,1,1.4
53,1호선(경인선),도원,1.4,1.2
54,1호선(경인선),동인천,1.2,1.9
55,1호선(경인선),인천,1.9,
56,1호선(광명선),연천,8.7,4
57,1호선(광명선),전곡,3.3,8.7
58,1호선(광명선),청산,5.8,3.3
59,1호선(광명선),소요산,2.4,4.1
60,1호선(광명선),동두천,1.6,2.4
61,1호선(광명선),보산,1.4,1.6
62,1호선(광명선),동두천중앙,1,1.4
63,1호선(광명선),지행,5.6,1
64,1호선(광명선),덕정,2.9,5.6
65,1호선(광명선),덕계,5.3,2.9
66,1호선(광명선),양주,1.6,5.3
67,1호선(광명선),녹양,1.3,1.6
68,1호선(광명선),가능,1.2,1.3
69,1호선(광명선),의정부,1.6,1.2
70,1호선(광명선),회룡,1.4,1.6
71,1호선(광명선),망월사,2.3,1.4
72,1호선(광명선),도봉산,1.2,2.3
73,1호선(광명선),도봉,1.3,1.2
74,1호선(광명선),방학,1.7,1.3
75,1호선(광명선),창동,1,1.7
76,1호선(광명선),녹천,1.4,1
77,1호선(광명선),월계,1.1,1.4
78,1호선(광명선),광운대,1.1,1.1
79,1호선(광명선),석계,1.4,1.1
80,1호선(광명선),신이문,0.8,1.4
81,1호선(광명선),외대앞,0.8,0.8
82,1호선(광명선),회기,1.4,0.8
83,1호선(광명선),남영,1.7,1.5
84,1호선(광명선),용산,1.5,2.6
85,1호선(광명선),노량진,2.6,1.5
86,1호선(광명선),대방,1.5,0.8
87,1호선(광명선),신길,0.8,1
88,1호선(광명선),영등포,1,1.5
89,1호선(광명선),신도림,1.5,1.1
90,1호선(광명선),구로,1.1,1.4
91,1호선(광명선),가산디지털단지,2.4,2
92,1호선(광명선),독산,2,1.2
93,1호선(광명선),금천구청,1.2,1.9
94,1호선(광명선),광명,4.7,4.7
95,1호선(서동탄선),연천,8.7,4
96,1호선(서동탄선),전곡,3.3,8.7
97,1호선(서동탄선),청산,5.8,3.3
98,1호선(서동탄선),소요산,2.4,4.1
99,1호선(서동탄선),동두천,1.6,2.4
100,1호선(서동탄선),보산,1.4,1.6
101,1호선(서동탄선),동두천중앙,1,1.4
102,1호선(서동탄선),지행,5.6,1
103,1호선(서동탄선),덕정,2.9,5.6
104,1호선(서동탄선),덕계,5.3,2.9
105,1호선(서동탄선),양주,1.6,5.3
106,1호선(서동탄선),녹양,1.3,1.6
107,1호선(서동탄선),가능,1.2,1.3
108,1호선(서동탄선),의정부,1.6,1.2
109,1호선(서동탄선),회룡,1.4,1.6
110,1호선(서동탄선),망월사,2.3,1.4
111,1호선(서동탄선),도봉산,1.2,2.3
112,1호선(서동탄선),도봉,1.3,1.2
113,1호선(서동탄선),방학,1.7,1.3
114,1호선(서동탄선),창동,1,1.7
115,1호선(서동탄선),녹천,1.4,1
116,1호선(서동탄선),월계,1.1,1.4
117,1호선(서동탄선),광운대,1.1,1.1
118,1호선(서동탄선),석계,1.4,1.1
119,1호선(서동탄선),신이문,0.8,1.4
120,1호선(서동탄선),외대앞,0.8,0.8
121,1호선(서동탄선),회기,1.4,0.8
122,1호선(서동탄선),남영,1.7,1.5
123,1호선(서동탄선),용산,1.5,2.6
124,1호선(서동탄선),노량진,2.6,1.5
125,1호선(서동탄선),대방,1.5,0.8
126,1호선(서동탄선),신길,0.8,1
127,1호선(서동탄선),영등포,1,1.5
128,1호선(서동탄선),신도림,1.5,1.1
129,1호선(서동탄선),구로,1.1,1.4
130,1호선(서동탄선),가산디지털단지,2.4,2
131,1호선(서동탄선),독산,2,1.2
132,1호선(서동탄선),금천구청,1.2,1.9
133,1호선(서동탄선),석수,1.9,1.9
134,1호선(서동탄선),관악,1.9,2.4
135,1호선(서동탄선),안양,2.4,2.2
136,1호선(서동탄선),명학,2.2,1.4
137,1호선(서동탄선),금정,1.4,2.2
138,1호선(서동탄선),군포,2.2,1.6
139,1호선(서동탄선),당정,1.6,2.6
140,1호선(서동탄선),의왕,2.6,2.9
141,1호선(서동탄선),성균관대,2.9,2.6
142,1호선(서동탄선),화서,2.6,2.1
143,1호선(서동탄선),수원,2.1,2.9
144,1호선(서동탄선),세류,2.9,4.3
145,1호선(서동탄선),병점,4.3,2.4
146,1호선(서동탄선),서동탄,2.2,2.2
147,1호선(경부선),연천,8.7,4
148,1호선(경부선),전곡,3.3,8.7
149,1호선(경부선),청산,5.8,3.3
150,1호선(경부선),소요산,2.4,4.1
151,1호선(경부선),동두천,1.6,2.4
152,1호선(경부선),보산,1.4,1.6
153,1호선(경부선),동두천중앙,1,1.4
154,1호선(경부선),지행,5.6,1
155,1호선(경부선),덕정,2.9,5.6
156,1호선(경부선),덕계,5.3,2.9
157,1호선(경부선),양주,1.6,5.3
158,1호선(경부선),녹양,1.3,1.6
159,1호선(경부선),가능,1.2,1.3
160,1호선(경부선),의정부,1.6,1.2
161,1호선(경부선),회룡,1.4,1.6
162,1호선(경부선),망월사,2.3,1.4
163,1호선(경부선),도봉산,1.2,2.3
164,1호선(경부선),도봉,1.3,1.2
165,1호선(경부선),방학,1.7,1.3
166,1호선(경부선),창동,1,1.7
167,1호선(경부선),녹천,1.4,1
168,1호선(경부선),월계,1.1,1.4
169,1호선(경부선),광운대,1.1,1.1
170,1호선(경부선),석계,1.4,1.1
171,1호선(경부선),신이문,0.8,1.4
172,1호선(경부선),외대앞,0.8,0.8
173,1호선(경부선),회기,1.4,0.8
174,1호선(경부선),남영,1.7,1.5
175,1호선(경부선),용산,1.5,2.6
176,1호선(경부선),노량진,2.6,1.5
177,1호선(경부선),대방,1.5,0.8
178,1호선(경부선),신길,0.8,1
179,1호선(경부선),영등포,1,1.5
180,1호선(경부선),신도림,1.5,1.1
181,1호선(경부선),구로,1.1,1.4
182,1호선(경부선),가산디지털단지,2.4,2
183,1호선(경부선),독산,2,1.2
184,1호선(경부선),금천구청,1.2,1.9
185,1호선(경부선),석수,1.9,1.9
186,1호선(경부선),관악,1.9,2.4
187,1호선(경부선),안양,2.4,2.2
188,1호선(경부선),명학,2.2,1.4
189,1호선(경부선),금정,1.4,2.2
190,1호선(경부선),군포,2.2,1.6
191,1호선(경부선),당정,1.6,2.6
192,1호선(경부선),의왕,2.6,2.9
193,1호선(경부선),성균관대,2.9,2.6
194,1호선(경부선),화서,2.6,2.1
195,1호선(경부선),수원,2.1,2.9
196,1호선(경부선),세류,2.9,4.3
197,1호선(경부선),병점,4.3,2.4
198,1호선(경부선),세마,2.4,2.7
199,1호선(경부선),오산대,2.7,2.7
200,1호선(경부선),오산,2.7,4
201,1호선(경부선),진위,4,3.8
202,1호선(경부선),송탄,3.8,2.2
203,1호선(경부선),서정리,2.2,4.8
204,1호선(경부선),평택지제,4.8,3.7
205,1호선(경부선),평택,3.7,9.4
206,1호선(경부선),성환,9.4,5.4
207,1호선(경부선),직산,5.4,3.8
208,1호선(경부선),두정,3.8,3.1
209,1호선(경부선),천안,3.1,1.3
210,1호선(경부선),봉명,1.3,1.6
211,1호선(경부선),쌍용(나사렛대),1.6,1.6
212,1호선(경부선),아산,1.6,1.8
213,1호선(경부선),탕정,1.8,3.1
214,1호선(경부선),배방,3.1,4.9
215,1호선(경부선),온양온천,4.9,5.1
216,1호선(경부선),신창(순천향대),5.1,
217,1호선(경인선),청량리(서울시립대입구),0,0
218,1호선(경인선),제기동,1,1
219,1호선(경인선),신설동,0.9,0.9
220,1호선(경인선),동묘앞,0.7,0.7
221,1호선(경인선),동대문,0.6,0.6
222,1호선(경인선),종로5가,0.8,0.8
223,1호선(경인선),종로3가,0.9,0.9
224,1호선(경인선),종각,0.8,0.8
225,1호선(경인선),시청,1,1
226,1호선(경인선),서울역,1.1,1.1
227,1호선(광명선),청량리(서울시립대입구),0,0
228,1호선(광명선),제기동,1,1
229,1호선(광명선),신설동,0.9,0.9
230,1호선(광명선),동묘앞,0.7,0.7
231,1호선(광명선),동대문,0.6,0.6
232,1호선(광명선),종로5가,0.8,0.8
233,1호선(광명선),종로3가,0.9,0.9
234,1호선(광명선),종각,0.8,0.8
235,1호선(광명선),시청,1,1
236,1호선(광명선),서울역,1.1,1.1
237,1호선(서동탄선),청량리(서울시립대입구),0,0
238,1호선(서동탄선),제기동,1,1
239,1호선(서동탄선),신설동,0.9,0.9
240,1호선(서동탄선),동묘앞,0.7,0.7
241,1호선(서동탄선),동대문,0.6,0.6
242,1호선(서동탄선),종로5가,0.8,0.8
243,1호선(서동탄선),종로3가,0.9,0.9
244,1호선(서동탄선),종각,0.8,0.8
245,1호선(서동탄선),시청,1,1
246,1호선(서동탄선),서울역,1.1,1.1
247,1호선(경부선),청량리(서울시립대입구),0,0
248,1호선(경부선),제기동,1,1
249,1호선(경부선),신설동,0.9,0.9
250,1호선(경부선),동묘앞,0.7,0.7
251,1호선(경부선),동대문,0.6,0.6
252,1호선(경부선),종로5가,0.8,0.8
253,1호선(경부선),종로3가,0.9,0.9
254,1호선(경부선),종각,0.8,0.8
255,1호선(경부선),시청,1,1
256,1호선(경부선),서울역,1.1,1.1
257,1,서울역,0,0
258,1,시청,1.1,1.1
259,1,종각,1,2.1
260,1,종로3가,0.8,2.9
261,1,종로5가,0.9,3.8
262,1,동대문,0.8,4.6
263,1,동묘앞,0.6,5.2
264,1,신설동,0.7,5.9
265,1,제기동,0.9,6.8
266,1,청량리,1,7.8
267,2,시청,0,0
268,2,을지로입구,0.7,0.7
269,2,을지로3가,0.8,1.5
270,2,을지로4가,0.6,2.1
271,2,동대문역사문화공원,1,3.1
272,2,신당,0.9,4
273,2,상왕십리,0.9,4.9
274,2,왕십리,0.8,5.7
275,2,한양대,1,6.7
276,2,뚝섬,1.1,7.8
277,2,성수,0.8,8.6
278,2,건대입구,1.2,9.8
279,2,구의,1.6,11.4
280,2,강변,0.9,12.3
281,2,잠실나루,1.8,14.1
282,2,잠실,1,15.1
283,2,잠실새내,1.2,16.3
284,2,종합운동장,1.2,17.5
285,2,삼성,1,18.5
286,2,선릉,1.3,19.8
287,2,역삼,1.2,21
288,2,강남,0.8,21.8
289,2,교대,1.2,23
290,2,서초,0.7,23.7
291,2,방배,1.7,25.4
292,2,사당,1.6,27
293,2,낙성대,1.7,28.7
294,2,서울대입구,1,29.7
295,2,봉천,1,30.7
296,2,신림,1.1,31.8
297,2,신대방,1.8,33.6
298,2,구로디지털단지,1.1,34.7
299,2,대림,1.1,35.8
300,2,신도림,1.8,37.6
301,2,문래,1.2,38.8
302,2,영등포구청,0.9,39.7
303,2,당산,1.1,40.8
304,2,합정,2,42.8
305,2,홍대입구,1.1,43.9
306,2,신촌,1.3,45.2
307,2,이대,0.8,46
308,2,아현,0.9,46.9
309,2,충정로,0.8,47.7
310,2,시청,1.1,48.8
311,2,용답,2.3,51.1
312,2,신답,1,52.1
313,2,용두,0.9,53
314,2,신설동,1.2,54.2
315,2,도림천,1,55.2
316,2,양천구청,1.7,56.9
317,2,신정네거리,1.9,58.8
318,2,까치산,1.4,60.2
319,3,대화,1.4,
320,3,주엽,1.6,1.4
321,3,정발산,0.9,1.6
322,3,마두,1.4,0.9
323,3,백석,2.5,1.4
324,3,대곡,2.1,2.5
325,3,화정,2.6,2.1
326,3,원당,2.9,2.6
327,3,원흥,2.1,2.9
328,3,삼송,1.7,2.1
329,3,지축,0,0
330,3,구파발,1.5,1.5
331,3,연신내,2,3.5
332,3,불광,1.3,4.8
333,3,녹번,1.1,5.9
334,3,홍제,1.6,7.5
335,3,무악재,0.9,8.4
336,3,독립문,1.1,9.5
337,3,경복궁,1.6,11.1
338,3,안국,1.1,12.2
339,3,종로3가,1,13.2
340,3,을지로3가,0.6,13.8
341,3,충무로,0.7,14.5
342,3,동대입구,0.9,15.4
343,3,약수,0.7,16.1
344,3,금호,0.8,16.9
345,3,옥수,0.8,17.7
346,3,압구정,2.1,19.8
347,3,신사,1.5,21.3
348,3,잠원,0.9,22.2
349,3,고속터미널,1.2,23.4
350,3,교대,1.6,25
351,3,남부터미널,0.9,25.9
352,3,양재,1.8,27.7
353,3,매봉,1.2,28.9
354,3,도곡,0.8,29.7
355,3,대치,0.8,30.5
356,3,학여울,0.8,31.3
357,3,대청,0.9,32.2
358,3,일원,1.2,33.4
359,3,수서,1.8,35.2
360,3,가락시장,1.4,36.6
361,3,경찰병원,0.8,37.4
362,3,오금,0.8,38.2
363,4,진접,2.1,
364,4,오남,7.7,
365,4,별내별가람,4.4,
366,4,불암산,0,0
367,4,상계,1.2,1.2
368,4,노원,1,2.2
369,4,창동,1.4,3.6
370,4,쌍문,1.3,4.9
371,4,수유,1.5,6.4
372,4,미아,1.4,7.8
373,4,미아사거리 ,1.5,9.3
374,4,길음,1.3,10.6
375,4,성신여대입구,1.4,12
376,4,한성대입구,1,13
377,4,혜화,0.9,13.9
378,4,동대문,1.5,15.4
379,4,동대문역사문화공원,0.7,16.1
380,4,충무로,1.3,17.4
381,4,명동,0.7,18.1
382,4,회현,0.7,18.8
383,4,서울역,0.9,19.7
384,4,숙대입구,1,20.7
385,4,삼각지,1.2,21.9
386,4,신용산,0.7,22.6
387,4,이촌,1.3,23.9
388,4,동작,2.7,26.6
389,4,총신대입구,1.8,28.4
390,4,사당,1.1,29.5
391,4,남태령,1.6,31.1
392,4,선바위,0.9,
393,4,경마공원,1,
394,4,대공원,1,
395,4,과천,1,
396,4,정부과천청사,3,
397,4,인덕원,1.6,
398,4,평촌,1.3,
399,4,범계,2.6,
400,4,금정,2.3,
401,4,산본,1.1,
402,4,수리산,2.6,
403,4,대야미,2,
404,4,반월,3.7,
405,4,상록수,1.5,
406,4,한대앞,1.6,
407,4,중앙,1.4,
408,4,고잔,1.5,
409,4,초지,1.8,
410,4,안산,2.2,
411,4,능길,2.9,
412,4,정왕,1.4,
413,4,오이도,,
414,5,서대문,0.7,23
415,5,광화문,1.1,24.1
416,5,종로3가,1.2,25.3
417,5,을지로4가,1,26.3
418,5,동대문역사문화공원,0.9,27.2
419,5,청구,0.9,28.1
420,5,신금호,0.9,29
421,5,행당,0.9,29.9
422,5,왕십리,0.9,30.8
423,5,마장,0.7,31.5
424,5,답십리,1,32.5
425,5,장한평,1.2,33.7
426,5,군자,1.5,35.2
427,5,아차산,1,36.2
428,5,광나루,1.5,37.7
429,5,천호,2,39.7
430,5,강동,0.8,40.5
431,5,길동,0.9,41.4
432,5,굽은다리,0.8,42.2
433,5,명일,0.8,43
434,5,고덕,1.2,44.2
435,5,상일동,1.1,45.3
436,5,강일,0.8,46.1
437,5,미사,1.7,47.8
438,5,하남풍산,2.1,49.9
439,5,하남시청,1.3,51.2
440,5,하남검단산,1.6,52.8
441,5,둔촌동,1.2,54
442,5,올림픽공원,1.4,55.4
443,5,방이,0.8,56.2
444,5,오금,0.9,57.1
445,5,개롱,0.9,58
446,5,거여,0.9,58.9
447,5,마천,0.9,59.8
448,6,응암,0,0
449,6,역촌,1.1,1.1
450,6,불광,0.8,1.9
451,6,독바위,0.9,2.8
452,6,연신내,1.4,4.2
453,6,구산,0.9,5.1
454,6,응암,1.5,6.6
455,6,새절,0.9,7.5
456,6,증산,0.9,8.4
457,6,디지털미디어시티,1.1,9.5
458,6,월드컵경기장,0.8,10.3
459,6,마포구청,0.8,11.1
460,6,망원,1,12.1
461,6,합정,0.8,12.9
462,6,상수,0.8,13.7
463,6,광흥창,0.9,14.6
464,6,대흥,1,15.6
465,6,공덕,0.9,16.5
466,6,효창공원앞,0.9,17.4
467,6,삼각지,1.2,18.6
468,6,녹사평,1.1,19.7
469,6,이태원,0.8,20.5
470,6,한강진,1,21.5
471,6,버티고개,1,22.5
472,6,약수,0.7,23.2
473,6,청구,0.8,24
474,6,신당,0.7,24.7
475,6,동묘앞,0.6,25.3
476,6,창신,0.9,26.2
477,6,보문,0.8,27
478,6,안암,0.9,27.9
479,6,고려대,0.8,28.7
480,6,월곡,1.4,30.1
481,6,상월곡,0.8,30.9
482,6,돌곶이,0.8,31.7
483,6,석계,1,32.7
484,6,태릉입구,0.8,33.5
485,6,화랑대,0.9,34.4
486,6,봉화산,0.7,35.1
487,6,신내역,1.3,36.4
488,7,까치울,2.2,2.2
489,7,부천종합운동장,1.2,1.2
490,7,춘의,0.8,0.8
491,7,신중동,1,1
492,7,부천시청,1.1,1.1
493,7,상동,0.9,0.9
494,7,삼산체육관,1.1,1.1
495,7,굴포천,0.9,0.9
496,7,부평구청,0.9,0.9
497,7,산곡,1.6,1.6
498,7,석남(거북시장),2.6,2.6
499,7,장암,0,0
500,7,도봉산,1.4,1.4
501,7,수락산,1.6,3
502,7,마들,1.4,4.4
503,7,노원,1.2,5.6
504,7,중계,1.1,6.7
505,7,하계,1,7.7
506,7,공릉,1.3,9
507,7,태릉입구,0.8,9.8
508,7,먹골,0.9,10.7
509,7,중화,0.9,11.6
510,7,상봉,1,12.6
511,7,면목,0.8,13.4
512,7,사가정,0.9,14.3
513,7,용마산,0.8,15.1
514,7,중곡,0.9,16
515,7,군자,1.1,17.1
516,7,어린이대공원,1.1,18.2
517,7,건대입구,0.8,19
518,7,자양,1,20
519,7,청담,2,22
520,7,강남구청,1.1,23.1
521,7,학동,0.9,24
522,7,논현,1,25
523,7,반포,0.9,25.9
524,7,고속터미널,0.9,26.8
525,7,내방,2.2,29
526,7,이수,1,30
527,7,남성,1,31
528,7,숭실대입구,2,33
529,7,상도,0.9,33.9
530,7,장승배기,0.9,34.8
531,7,신대방삼거리,1.2,36
532,7,보라매,0.8,36.8
533,7,신풍,0.9,37.7
534,7,대림,1.4,39.1
535,7,남구로,1.1,40.2
536,7,가산디지털단지,0.8,41
537,7,철산,1.4,42.4
538,7,광명사거리,1.3,43.7
539,7,천왕,1.7,45.4
540,7,온수,1.5,46.9
541,8,동구릉,1.77,2.575
542,8,구리,2.575,2.38
543,8,장자호수공원,2.38,3.8
544,8,별내,3.8,3.1
545,8,다산,3.1,1.8
546,8,암사역사공원,0,0
547,8,암사,1.1,1.1
548,8,천호,1.3,2.4
549,8,강동구청,0.9,3.3
550,8,몽촌토성,1.6,4.9
551,8,잠실,0.8,5.7
552,8,석촌,1.2,6.9
553,8,송파,0.9,7.8
554,8,가락시장,0.8,8.6
555,8,문정,0.9,9.5
556,8,장지,0.9,10.4
557,8,복정,0.9,11.3
558,8,남위례,1.5,12.8
559,8,산성,1.2,14
560,8,남한산성입구,1.3,15.3
561,8,단대오거리,0.8,16.1
562,8,신흥,0.8,16.9
563,8,수진,0.9,17.8
564,8,모란,1,18.8
565,9,개화,3.6,
566,9,김포공항,0.8,3.6
567,9,공항시장,0.8,0.8
568,9,신방화,0.9,0.8
569,9,마곡나루,1.4,0.9
570,9,양천향교,1.3,1.4
571,9,가양,0.7,1.3
572,9,증미,1,0.7
573,9,등촌,0.9,1
574,9,염창,0.9,0.9
575,9,신목동,1.2,0.9
576,9,선유도,1,1.2
577,9,당산,1.5,1
578,9,국회의사당,0.9,1.5
579,9,여의도,0.8,0.9
580,9,샛강,1.2,0.8
581,9,노량진,1.1,1.2
582,9,노들,1.1,1.1
583,9,흑석(중앙대입구),1.4,1.1
584,9,동작(현충원),1,1.4
585,9,구반포,0.7,1
586,9,신반포,0.8,0.7
587,9,고속터미널,1.1,0.8
588,9,사평,0.9,1.1
589,9,신논현,0.8,0.9
590,9,언주,0.8,0.8
591,9,선정릉,0.9,0.9
592,9,삼성중앙,0.8,0.8
593,9,봉은사,0.8,0.8
594,9,종합운동장,1.4,1.4
595,9,삼전,1.4,1.4
596,9,석촌고분,0.8,0.8
597,9,석촌,1,1
598,9,송파나루,0.8,0.8
599,9,한성백제,0.8,0.8
600,9,올림픽공원(한국체대),1.4,1.4
601,9,둔촌오륜,1,1
602,9,중앙보훈병원,1.7,1.7
